TransactionID,CustomerID,ProductID,Quantity,UnitPrice,TransactionDate,PaymentMethod
TXN000001,CUST082,PROD108,1,373.61,2024-05-02,Debit Card
TXN000002,CUST018,PROD148,1,341.9,2024-07-18,Credit Card
TXN000003,CUST076,PROD128,1,25.56,2024-04-25,Debit Card
TXN000004,CUST065,PROD139,1,285.44,2024-08-14,Bank Transfer
TXN000005,CUST054,PROD115,4,299.14,2024-03-02,Debit Card
TXN000006,CUST090,PROD128,3,146.87,2024-04-25,PayPal
TXN000007,CUST014,PROD106,4,58.28,2024-05-28,Bank Transfer
TXN000008,CUST034,PROD103,4,273.21,2024-06-05,Credit Card
TXN000009,CUST071,PROD119,5,443.98,2024-06-01,Bank Transfer
TXN000010,CUST025,PROD146,1,33.4,2024-04-28,PayPal
TXN000011,CUST011,PROD115,1,196.87,2024-06-25,PayPal
TXN000012,CUST021,PROD124,3,113.44,2024-05-08,Credit Card
TXN000013,CUST078,PROD141,2,272.18,2024-05-02,Debit Card
TXN000014,CUST060,PROD125,3,494.87,2024-08-11,Bank Transfer
TXN000015,CUST029,PROD144,3,423.14,2024-03-15,Debit Card
TXN000016,CUST005,PROD121,4,141.92,2024-04-24,Bank Transfer
TXN000017,CUST092,PROD121,2,331.5,2024-06-10,Apple Pay
TXN000018,CUST019,PROD117,2,131.59,2024-07-22,Bank Transfer
TXN000019,CUST034,PROD148,5,220.49,2024-07-28,Apple Pay
TXN000020,CUST047,PROD115,2,260.15,2024-03-24,Credit Card
TXN000021,CUST015,PROD110,2,398.32,2024-06-17,Bank Transfer
TXN000022,CUST009,PROD125,4,302.38,2024-06-28,Bank Transfer
TXN000023,CUST033,PROD136,1,343.65,2024-03-30,Bank Transfer
TXN000024,CUST097,PROD118,3,65.54,2024-06-20,Debit Card
TXN000025,CUST059,PROD101,3,486.24,2024-04-15,Bank Transfer
TXN000026,CUST014,PROD141,3,422.57,2024-07-08,Bank Transfer
TXN000027,CUST026,PROD110,3,383.86,2024-07-17,Bank Transfer
TXN000028,CUST001,PROD139,3,249.92,2024-03-29,PayPal
TXN000029,CUST040,PROD116,1,128.78,2024-07-24,Credit Card
TXN000030,CUST011,PROD147,4,410.03,2024-07-15,Debit Card
TXN000031,CUST017,PROD143,4,474.0,2024-04-12,PayPal
TXN000032,CUST068,PROD139,4,482.56,2024-07-17,Debit Card
TXN000033,CUST092,PROD120,4,497.62,2024-08-14,PayPal
TXN000034,CUST057,PROD134,4,70.16,2024-04-27,Credit Card
TXN000035,CUST044,PROD102,5,281.86,2024-07-29,Debit Card
TXN000036,CUST001,PROD105,1,122.94,2024-03-09,PayPal
TXN000037,CUST010,PROD133,2,147.17,2024-07-03,Debit Card
TXN000038,CUST070,PROD109,5,292.76,2024-05-02,Apple Pay
TXN000039,CUST053,PROD113,1,58.39,2024-06-19,PayPal
TXN000040,CUST055,PROD127,4,433.41,2024-03-14,Credit Card
TXN000041,CUST008,PROD126,3,402.48,2024-03-28,Debit Card
TXN000042,CUST025,PROD113,5,230.36,2024-06-17,Debit Card
TXN000043,CUST036,PROD130,2,438.61,2024-03-20,Apple Pay
TXN000044,CUST071,PROD107,1,329.89,2024-07-17,Credit Card
TXN000045,CUST012,PROD149,2,92.32,2024-07-03,Apple Pay
TXN000046,CUST028,PROD126,1,91.5,2024-03-01,Apple Pay
TXN000047,CUST034,PROD130,3,217.84,2024-07-21,Apple Pay
TXN000048,CUST020,PROD113,3,117.45,2024-03-15,Bank Transfer
TXN000049,CUST095,PROD135,1,376.75,2024-03-15,Credit Card
TXN000050,CUST075,PROD131,5,460.57,2024-07-14,Debit Card
TXN000051,CUST008,PROD133,1,427.3,2024-03-18,Bank Transfer
TXN000052,CUST009,PROD144,2,208.44,2024-07-24,Debit Card
TXN000053,CUST075,PROD139,1,313.87,2024-06-16,Bank Transfer
TXN000054,CUST073,PROD134,3,468.06,2024-04-22,PayPal
TXN000055,CUST031,PROD117,4,74.99,2024-08-13,PayPal
TXN000056,CUST059,PROD121,1,15.55,2024-08-07,Bank Transfer
TXN000057,CUST013,PROD105,5,115.22,2024-05-07,Debit Card
TXN000058,CUST045,PROD105,2,191.69,2024-04-10,Apple Pay
TXN000059,CUST070,PROD146,3,310.1,2024-08-15,Bank Transfer
TXN000060,CUST002,PROD143,5,157.39,2024-08-17,Credit Card
TXN000061,CUST018,PROD117,1,446.06,2024-07-20,Debit Card
TXN000062,CUST035,PROD119,5,113.99,2024-05-27,Debit Card
TXN000063,CUST088,PROD141,3,258.14,2024-05-04,Credit Card
TXN000064,CUST012,PROD141,4,416.54,2024-03-12,Credit Card
TXN000065,CUST043,PROD150,2,322.54,2024-05-07,Debit Card
TXN000066,CUST095,PROD129,5,356.06,2024-07-22,Credit Card
TXN000067,CUST015,PROD105,2,277.78,2024-06-03,Bank Transfer
TXN000068,CUST071,PROD110,4,73.31,2024-05-18,PayPal
TXN000069,CUST006,PROD123,2,344.52,2024-08-18,Credit Card
TXN000070,CUST046,PROD150,5,443.33,2024-06-13,Bank Transfer
TXN000071,CUST096,PROD110,2,433.78,2024-04-15,Apple Pay
TXN000072,CUST004,PROD112,3,393.58,2024-06-14,Debit Card
TXN000073,CUST035,PROD111,1,198.05,2024-03-10,Apple Pay
TXN000074,CUST029,PROD113,4,181.97,2024-04-28,Debit Card
TXN000075,CUST004,PROD143,2,205.84,2024-05-11,Credit Card
TXN000076,CUST099,PROD118,3,324.67,2024-06-11,Bank Transfer
TXN000077,CUST043,PROD102,1,439.86,2024-05-06,Debit Card
TXN000078,CUST075,PROD117,1,64.0,2024-06-20,PayPal
TXN000079,CUST094,PROD121,4,307.43,2024-07-09,Credit Card
TXN000080,CUST050,PROD137,2,135.55,2024-06-20,Credit Card
TXN000081,CUST067,PROD135,2,189.09,2024-03-18,PayPal
TXN000082,CUST080,PROD121,1,362.95,2024-05-16,Bank Transfer
TXN000083,CUST040,PROD143,4,170.49,2024-05-15,Bank Transfer
TXN000084,CUST017,PROD113,4,336.14,2024-06-06,Debit Card
TXN000085,CUST079,PROD137,3,209.56,2024-03-01,PayPal
TXN000086,CUST037,PROD114,4,395.23,2024-08-03,PayPal
TXN000087,CUST060,PROD129,4,341.37,2024-07-09,Apple Pay
TXN000088,CUST095,PROD111,1,149.76,2024-08-17,Bank Transfer
TXN000089,CUST043,PROD106,2,339.99,2024-04-27,Debit Card
TXN000090,CUST019,PROD102,1,130.72,2024-06-30,Bank Transfer
TXN000091,CUST099,PROD105,4,213.65,2024-08-09,Bank Transfer
TXN000092,CUST025,PROD146,4,252.74,2024-05-02,Debit Card
TXN000093,CUST084,PROD145,1,447.5,2024-03-28,Apple Pay
TXN000094,CUST029,PROD112,5,238.15,2024-07-21,Debit Card
TXN000095,CUST016,PROD130,2,402.88,2024-08-18,Bank Transfer
TXN000096,CUST072,PROD139,3,475.56,2024-06-22,Bank Transfer
TXN000097,CUST093,PROD133,4,417.14,2024-07-19,Apple Pay
TXN000098,CUST021,PROD148,4,231.07,2024-05-03,PayPal
TXN000099,CUST099,PROD150,5,247.96,2024-05-01,PayPal
TXN000100,CUST057,PROD105,3,125.66,2024-05-25,PayPal
TXN000101,CUST070,PROD106,2,84.75,2024-06-07,Debit Card
TXN000102,CUST091,PROD114,1,213.86,2024-05-24,Bank Transfer
TXN000103,CUST060,PROD127,1,112.13,2024-06-16,Apple Pay
TXN000104,CUST099,PROD138,1,429.93,2024-07-26,Apple Pay
TXN000105,CUST062,PROD101,3,157.01,2024-06-08,Apple Pay
TXN000106,CUST069,PROD148,5,402.13,2024-04-26,Apple Pay
TXN000107,CUST029,PROD118,4,248.47,2024-06-08,PayPal
TXN000108,CUST086,PROD144,4,365.11,2024-06-28,Debit Card
TXN000109,CUST080,PROD135,1,454.48,2024-07-30,Bank Transfer
TXN000110,CUST085,PROD102,1,325.29,2024-04-04,Apple Pay
TXN000111,CUST024,PROD104,3,196.37,2024-04-24,Apple Pay
TXN000112,CUST042,PROD122,4,147.06,2024-06-16,PayPal
TXN000113,CUST011,PROD131,1,377.26,2024-03-14,PayPal
TXN000114,CUST029,PROD142,1,393.01,2024-08-14,Credit Card
TXN000115,CUST097,PROD102,2,108.48,2024-03-06,Bank Transfer
TXN000116,CUST020,PROD116,2,242.56,2024-03-30,Bank Transfer
TXN000117,CUST028,PROD130,3,386.0,2024-04-12,Bank Transfer
TXN000118,CUST078,PROD148,1,391.33,2024-04-11,PayPal
TXN000119,CUST014,PROD138,1,465.22,2024-07-26,Apple Pay
TXN000120,CUST051,PROD146,2,48.15,2024-08-08,Debit Card
TXN000121,CUST014,PROD145,3,426.78,2024-08-01,Credit Card
TXN000122,CUST073,PROD103,3,271.5,2024-08-17,PayPal
TXN000123,CUST009,PROD133,3,17.18,2024-06-16,Apple Pay
TXN000124,CUST014,PROD128,3,321.79,2024-06-26,Debit Card
TXN000125,CUST056,PROD112,5,483.11,2024-05-09,Bank Transfer
TXN000126,CUST069,PROD150,4,238.31,2024-07-30,PayPal
TXN000127,CUST042,PROD116,1,147.39,2024-06-24,Debit Card
TXN000128,CUST097,PROD130,5,309.44,2024-06-06,PayPal
TXN000129,CUST004,PROD132,3,99.91,2024-04-24,PayPal
TXN000130,CUST034,PROD122,3,441.47,2024-05-10,Bank Transfer
TXN000131,CUST002,PROD134,2,52.85,2024-06-13,Apple Pay
TXN000132,CUST072,PROD149,2,348.7,2024-08-13,Apple Pay
TXN000133,CUST058,PROD102,1,154.87,2024-06-12,Debit Card
TXN000134,CUST040,PROD143,5,191.44,2024-07-20,Bank Transfer
TXN000135,CUST045,PROD128,5,172.75,2024-06-25,PayPal
TXN000136,CUST040,PROD117,2,69.99,2024-04-19,PayPal
TXN000137,CUST016,PROD148,5,475.97,2024-04-17,Debit Card
TXN000138,CUST028,PROD148,4,146.2,2024-07-29,Bank Transfer
TXN000139,CUST077,PROD119,1,418.15,2024-05-15,Debit Card
TXN000140,CUST047,PROD112,3,17.91,2024-07-15,Debit Card
TXN000141,CUST036,PROD103,1,281.58,2024-04-02,Apple Pay
TXN000142,CUST014,PROD101,5,150.03,2024-07-01,Apple Pay
TXN000143,CUST044,PROD112,1,134.45,2024-07-01,Credit Card
TXN000144,CUST009,PROD126,4,47.22,2024-08-09,Credit Card
TXN000145,CUST020,PROD110,5,475.11,2024-03-22,Debit Card
TXN000146,CUST016,PROD136,4,307.48,2024-08-06,Debit Card
TXN000147,CUST100,PROD134,4,231.29,2024-06-22,PayPal
TXN000148,CUST076,PROD128,3,289.05,2024-03-16,Bank Transfer
TXN000149,CUST095,PROD107,2,316.87,2024-05-07,Credit Card
TXN000150,CUST021,PROD116,2,280.91,2024-04-10,Credit Card
TXN000151,CUST053,PROD129,5,240.78,2024-03-09,Debit Card
TXN000152,CUST037,PROD146,3,354.75,2024-06-25,Credit Card
TXN000153,CUST088,PROD115,3,396.24,2024-08-08,Bank Transfer
TXN000154,CUST085,PROD113,4,67.12,2024-04-27,Debit Card
TXN000155,CUST035,PROD110,1,40.15,2024-05-18,Bank Transfer
TXN000156,CUST096,PROD137,3,225.74,2024-06-28,PayPal
TXN000157,CUST090,PROD126,3,255.72,2024-07-05,Apple Pay
TXN000158,CUST011,PROD139,1,445.92,2024-05-22,Bank Transfer
TXN000159,CUST033,PROD102,1,122.93,2024-08-20,Bank Transfer
TXN000160,CUST076,PROD102,3,292.77,2024-04-14,Apple Pay
TXN000161,CUST067,PROD142,4,458.95,2024-04-16,Bank Transfer
TXN000162,CUST056,PROD141,4,484.86,2024-06-29,PayPal
TXN000163,CUST053,PROD122,3,338.69,2024-04-11,PayPal
TXN000164,CUST053,PROD145,4,151.93,2024-06-11,Bank Transfer
TXN000165,CUST005,PROD130,1,164.79,2024-05-22,Credit Card
TXN000166,CUST099,PROD126,5,414.38,2024-03-01,Bank Transfer
TXN000167,CUST060,PROD127,1,102.72,2024-06-01,Bank Transfer
TXN000168,CUST097,PROD132,4,382.63,2024-04-22,PayPal
TXN000169,CUST071,PROD109,3,225.23,2024-07-03,Credit Card
TXN000170,CUST004,PROD141,5,401.85,2024-04-10,PayPal
TXN000171,CUST071,PROD101,5,210.5,2024-04-27,Credit Card
TXN000172,CUST060,PROD108,2,254.7,2024-05-14,Bank Transfer
TXN000173,CUST091,PROD118,4,419.17,2024-06-29,Debit Card
TXN000174,CUST059,PROD136,2,198.56,2024-08-01,Bank Transfer
TXN000175,CUST096,PROD109,1,146.07,2024-06-15,PayPal
TXN000176,CUST065,PROD118,1,149.3,2024-05-16,Bank Transfer
TXN000177,CUST075,PROD143,4,434.1,2024-06-23,Bank Transfer
TXN000178,CUST062,PROD123,3,280.88,2024-07-18,Apple Pay
TXN000179,CUST059,PROD121,2,490.59,2024-05-01,Bank Transfer
TXN000180,CUST050,PROD115,4,32.33,2024-06-30,Apple Pay
TXN000181,CUST050,PROD143,2,253.21,2024-03-10,Debit Card
TXN000182,CUST065,PROD138,3,436.27,2024-06-21,Credit Card
TXN000183,CUST068,PROD130,1,364.27,2024-06-13,Debit Card
TXN000184,CUST010,PROD131,3,176.55,2024-06-10,Credit Card
TXN000185,CUST043,PROD144,5,196.81,2024-05-21,Apple Pay
TXN000186,CUST070,PROD103,5,44.45,2024-08-09,PayPal
TXN000187,CUST030,PROD148,1,223.2,2024-03-26,Credit Card
TXN000188,CUST057,PROD111,3,452.76,2024-03-12,PayPal
TXN000189,CUST008,PROD119,3,194.29,2024-04-07,Debit Card
TXN000190,CUST068,PROD127,5,344.39,2024-04-16,Debit Card
TXN000191,CUST023,PROD106,5,436.83,2024-08-06,Debit Card
TXN000192,CUST064,PROD138,2,124.53,2024-08-11,PayPal
TXN000193,CUST059,PROD117,1,450.56,2024-06-28,PayPal
TXN000194,CUST087,PROD135,2,47.11,2024-05-28,Bank Transfer
TXN000195,CUST039,PROD141,4,348.55,2024-06-25,PayPal
TXN000196,CUST026,PROD125,4,63.14,2024-06-06,Bank Transfer
TXN000197,CUST046,PROD137,3,496.42,2024-05-15,Credit Card
TXN000198,CUST085,PROD126,3,14.95,2024-03-13,Bank Transfer
TXN000199,CUST096,PROD132,3,390.33,2024-04-28,Bank Transfer
TXN000200,CUST046,PROD115,2,314.61,2024-08-21,Debit Card
TXN000201,CUST081,PROD107,1,162.06,2024-06-21,Credit Card
TXN000202,CUST075,PROD124,2,55.07,2024-05-15,PayPal
TXN000203,CUST096,PROD127,2,109.18,2024-07-17,PayPal
TXN000204,CUST068,PROD133,3,417.09,2024-05-05,Apple Pay
TXN000205,CUST038,PROD148,3,404.26,2024-06-28,Credit Card
TXN000206,CUST019,PROD149,2,431.6,2024-08-20,Apple Pay
TXN000207,CUST072,PROD124,1,397.63,2024-03-04,PayPal
TXN000208,CUST069,PROD108,4,191.23,2024-08-20,PayPal
TXN000209,CUST075,PROD125,3,63.97,2024-04-29,Apple Pay
TXN000210,CUST004,PROD140,5,171.39,2024-08-04,Debit Card
TXN000211,CUST083,PROD105,4,455.68,2024-05-17,Apple Pay
TXN000212,CUST015,PROD109,1,473.71,2024-05-17,Apple Pay
TXN000213,CUST015,PROD107,2,444.86,2024-04-04,Apple Pay
TXN000214,CUST059,PROD124,5,215.94,2024-04-09,Apple Pay
TXN000215,CUST084,PROD107,4,312.04,2024-05-11,Credit Card
TXN000216,CUST089,PROD124,2,227.8,2024-04-30,PayPal
TXN000217,CUST013,PROD144,3,277.23,2024-08-13,PayPal
TXN000218,CUST008,PROD126,3,103.81,2024-04-01,Apple Pay
TXN000219,CUST012,PROD143,2,324.78,2024-07-31,Credit Card
TXN000220,CUST007,PROD122,2,494.52,2024-07-23,Debit Card
TXN000221,CUST009,PROD149,5,112.29,2024-04-25,Debit Card
TXN000222,CUST043,PROD150,2,396.64,2024-07-31,Credit Card
TXN000223,CUST036,PROD110,2,275.16,2024-04-14,Credit Card
TXN000224,CUST085,PROD102,2,18.26,2024-04-30,Bank Transfer
TXN000225,CUST042,PROD102,2,140.75,2024-04-02,Apple Pay
TXN000226,CUST068,PROD108,1,243.87,2024-06-01,Bank Transfer
TXN000227,CUST076,PROD107,4,257.37,2024-08-05,Credit Card
TXN000228,CUST094,PROD143,5,158.49,2024-08-12,Credit Card
TXN000229,CUST008,PROD131,4,219.44,2024-03-28,Apple Pay
TXN000230,CUST092,PROD129,1,450.73,2024-05-22,Bank Transfer
TXN000231,CUST019,PROD105,2,145.47,2024-08-10,Bank Transfer
TXN000232,CUST071,PROD146,3,197.25,2024-07-31,Bank Transfer
TXN000233,CUST038,PROD130,5,307.04,2024-03-26,Credit Card
TXN000234,CUST084,PROD142,5,363.48,2024-04-25,Apple Pay
TXN000235,CUST058,PROD115,4,176.73,2024-06-25,Apple Pay
TXN000236,CUST054,PROD147,1,163.83,2024-05-20,PayPal
TXN000237,CUST048,PROD110,4,43.82,2024-03-22,Credit Card
TXN000238,CUST056,PROD107,3,407.95,2024-07-21,Credit Card
TXN000239,CUST076,PROD136,5,172.19,2024-04-01,Apple Pay
TXN000240,CUST046,PROD143,4,435.49,2024-03-14,PayPal
TXN000241,CUST077,PROD120,3,61.65,2024-07-08,Debit Card
TXN000242,CUST020,PROD143,4,120.65,2024-03-28,PayPal
TXN000243,CUST072,PROD124,1,383.9,2024-07-25,Debit Card
TXN000244,CUST055,PROD136,5,311.03,2024-08-12,Bank Transfer
TXN000245,CUST004,PROD139,3,25.15,2024-05-09,PayPal
TXN000246,CUST044,PROD123,1,99.7,2024-04-06,Bank Transfer
TXN000247,CUST085,PROD126,1,80.37,2024-08-10,Credit Card
TXN000248,CUST012,PROD148,5,116.19,2024-06-16,Apple Pay
TXN000249,CUST044,PROD111,3,163.38,2024-05-23,Bank Transfer
TXN000250,CUST077,PROD106,1,87.07,2024-08-06,Credit Card
TXN000251,CUST087,PROD106,3,227.67,2024-06-17,Apple Pay
TXN000252,CUST078,PROD129,4,144.57,2024-07-10,Credit Card
TXN000253,CUST045,PROD128,1,149.5,2024-08-21,Bank Transfer
TXN000254,CUST063,PROD134,3,33.2,2024-06-10,Bank Transfer
TXN000255,CUST008,PROD101,2,158.38,2024-04-24,Debit Card
TXN000256,CUST098,PROD117,3,171.44,2024-03-02,Apple Pay
TXN000257,CUST096,PROD128,2,74.16,2024-07-15,Debit Card
TXN000258,CUST065,PROD136,3,46.23,2024-03-11,Apple Pay
TXN000259,CUST003,PROD130,1,432.56,2024-07-26,Apple Pay
TXN000260,CUST074,PROD126,4,152.56,2024-06-12,Credit Card
TXN000261,CUST042,PROD111,5,235.98,2024-06-01,Credit Card
TXN000262,CUST056,PROD107,2,224.04,2024-06-11,Bank Transfer
TXN000263,CUST011,PROD126,3,375.69,2024-04-26,PayPal
TXN000264,CUST100,PROD111,1,260.62,2024-03-30,Bank Transfer
TXN000265,CUST066,PROD113,3,182.68,2024-08-13,Debit Card
TXN000266,CUST031,PROD107,2,136.16,2024-04-14,Bank Transfer
TXN000267,CUST020,PROD149,1,97.61,2024-08-08,Apple Pay
TXN000268,CUST060,PROD149,5,382.57,2024-06-23,Bank Transfer
TXN000269,CUST083,PROD141,5,169.04,2024-08-08,PayPal
TXN000270,CUST020,PROD129,1,240.29,2024-08-09,PayPal
TXN000271,CUST036,PROD138,1,183.09,2024-03-19,PayPal
TXN000272,CUST060,PROD129,1,38.81,2024-05-13,Credit Card
TXN000273,CUST083,PROD106,5,301.5,2024-06-07,Apple Pay
TXN000274,CUST075,PROD136,1,230.91,2024-07-25,Debit Card
TXN000275,CUST042,PROD139,4,256.16,2024-03-16,Apple Pay
TXN000276,CUST014,PROD122,1,257.71,2024-04-14,Credit Card
TXN000277,CUST032,PROD146,4,495.58,2024-07-13,Bank Transfer
TXN000278,CUST079,PROD111,3,193.31,2024-05-12,Apple Pay
TXN000279,CUST053,PROD150,3,342.97,2024-03-14,PayPal
TXN000280,CUST009,PROD122,1,283.83,2024-06-07,PayPal
TXN000281,CUST033,PROD147,5,438.02,2024-05-25,Credit Card
TXN000282,CUST075,PROD143,2,459.28,2024-05-19,Apple Pay
TXN000283,CUST017,PROD139,1,162.38,2024-06-05,PayPal
TXN000284,CUST017,PROD143,5,56.69,2024-08-19,Apple Pay
TXN000285,CUST066,PROD124,1,188.3,2024-04-16,Debit Card
TXN000286,CUST044,PROD150,4,104.88,2024-04-05,Debit Card
TXN000287,CUST010,PROD119,1,259.25,2024-07-17,Bank Transfer
TXN000288,CUST005,PROD143,3,439.55,2024-08-06,Debit Card
TXN000289,CUST077,PROD125,2,90.33,2024-08-07,Debit Card
TXN000290,CUST093,PROD129,1,211.9,2024-08-21,Debit Card
TXN000291,CUST057,PROD140,3,378.91,2024-06-23,Debit Card
TXN000292,CUST069,PROD116,3,483.17,2024-06-29,Debit Card
TXN000293,CUST048,PROD144,5,492.38,2024-06-27,PayPal
TXN000294,CUST100,PROD125,5,268.92,2024-04-11,Debit Card
TXN000295,CUST078,PROD109,3,36.51,2024-07-02,PayPal
TXN000296,CUST071,PROD107,5,427.21,2024-05-12,Credit Card
TXN000297,CUST098,PROD111,3,230.71,2024-07-10,Debit Card
TXN000298,CUST056,PROD106,2,410.36,2024-05-29,Credit Card
TXN000299,CUST054,PROD104,4,256.47,2024-04-30,Apple Pay
TXN000300,CUST011,PROD124,2,24.77,2024-03-26,PayPal
TXN000301,CUST019,PROD109,1,151.27,2024-06-29,Debit Card
TXN000302,CUST098,PROD146,4,230.36,2024-03-02,Credit Card
TXN000303,CUST003,PROD117,2,419.29,2024-07-19,Bank Transfer
TXN000304,CUST068,PROD128,1,390.54,2024-04-30,PayPal
TXN000305,CUST016,PROD104,2,216.28,2024-08-07,Apple Pay
TXN000306,CUST009,PROD108,4,302.8,2024-03-05,Bank Transfer
TXN000307,CUST074,PROD116,2,153.42,2024-03-01,Bank Transfer
TXN000308,CUST046,PROD116,5,214.69,2024-08-18,Credit Card
TXN000309,CUST068,PROD124,1,477.2,2024-07-18,Bank Transfer
TXN000310,CUST065,PROD136,1,201.92,2024-06-29,Credit Card
TXN000311,CUST082,PROD125,3,135.02,2024-03-05,PayPal
TXN000312,CUST009,PROD123,2,369.4,2024-08-08,Credit Card
TXN000313,CUST099,PROD138,3,76.23,2024-05-30,Bank Transfer
TXN000314,CUST044,PROD142,2,417.05,2024-06-27,Apple Pay
TXN000315,CUST081,PROD112,2,41.85,2024-06-26,Credit Card
TXN000316,CUST038,PROD113,1,397.84,2024-03-11,PayPal
TXN000317,CUST040,PROD133,4,494.67,2024-07-18,Apple Pay
TXN000318,CUST033,PROD103,2,150.9,2024-03-13,PayPal
TXN000319,CUST035,PROD108,3,224.66,2024-06-11,Apple Pay
TXN000320,CUST050,PROD122,2,253.63,2024-07-06,PayPal
TXN000321,CUST067,PROD118,1,366.53,2024-03-21,Apple Pay
TXN000322,CUST078,PROD112,5,154.64,2024-03-27,Credit Card
TXN000323,CUST042,PROD143,3,160.87,2024-08-02,Apple Pay
TXN000324,CUST022,PROD145,4,182.9,2024-03-11,PayPal
TXN000325,CUST079,PROD128,3,323.69,2024-03-15,Credit Card
TXN000326,CUST086,PROD141,4,188.65,2024-08-21,Debit Card
TXN000327,CUST004,PROD110,5,342.58,2024-06-21,Credit Card
TXN000328,CUST017,PROD105,2,391.68,2024-06-02,PayPal
TXN000329,CUST050,PROD137,1,306.88,2024-08-21,Apple Pay
TXN000330,CUST048,PROD124,4,384.14,2024-07-25,Debit Card
TXN000331,CUST068,PROD124,4,164.72,2024-05-11,Debit Card
TXN000332,CUST015,PROD102,2,255.02,2024-06-08,Bank Transfer
TXN000333,CUST016,PROD117,3,355.26,2024-04-24,Bank Transfer
TXN000334,CUST037,PROD145,4,108.88,2024-04-04,Credit Card
TXN000335,CUST058,PROD112,4,498.65,2024-08-22,PayPal
TXN000336,CUST086,PROD123,1,279.94,2024-05-14,PayPal
TXN000337,CUST021,PROD146,2,399.11,2024-07-09,Debit Card
TXN000338,CUST016,PROD113,2,126.75,2024-07-05,Credit Card
TXN000339,CUST047,PROD136,5,191.39,2024-07-20,Debit Card
TXN000340,CUST079,PROD106,1,162.23,2024-07-01,Bank Transfer
TXN000341,CUST053,PROD150,4,413.6,2024-03-19,Debit Card
TXN000342,CUST041,PROD142,1,231.03,2024-08-22,Bank Transfer
TXN000343,CUST045,PROD109,5,323.85,2024-04-16,Debit Card
TXN000344,CUST056,PROD133,1,417.54,2024-07-11,Debit Card
TXN000345,CUST039,PROD111,2,168.77,2024-04-27,PayPal
TXN000346,CUST067,PROD119,1,133.54,2024-08-10,Bank Transfer
TXN000347,CUST036,PROD109,3,311.45,2024-03-24,Bank Transfer
TXN000348,CUST083,PROD111,5,471.44,2024-04-09,Debit Card
TXN000349,CUST085,PROD140,5,176.09,2024-07-23,Credit Card
TXN000350,CUST004,PROD106,1,474.83,2024-07-26,PayPal
TXN000351,CUST084,PROD114,5,214.7,2024-08-11,Credit Card
TXN000352,CUST064,PROD141,5,152.64,2024-05-17,Apple Pay
TXN000353,CUST032,PROD144,4,156.44,2024-03-19,Credit Card
TXN000354,CUST021,PROD129,4,247.79,2024-04-22,PayPal
TXN000355,CUST078,PROD110,3,432.26,2024-05-21,PayPal
TXN000356,CUST052,PROD109,3,262.82,2024-03-28,PayPal
TXN000357,CUST031,PROD130,1,141.78,2024-05-03,Debit Card
TXN000358,CUST013,PROD104,3,473.28,2024-08-05,Apple Pay
TXN000359,CUST032,PROD111,3,467.59,2024-05-20,Debit Card
TXN000360,CUST098,PROD111,4,498.02,2024-06-28,Apple Pay
TXN000361,CUST040,PROD132,1,55.02,2024-06-09,Bank Transfer
TXN000362,CUST059,PROD116,2,296.25,2024-03-13,Credit Card
TXN000363,CUST037,PROD132,5,442.45,2024-08-15,Apple Pay
TXN000364,CUST037,PROD135,1,425.26,2024-06-19,Debit Card
TXN000365,CUST034,PROD147,3,384.52,2024-06-02,Credit Card
TXN000366,CUST052,PROD104,5,285.72,2024-06-01,Bank Transfer
TXN000367,CUST037,PROD105,4,257.57,2024-07-19,PayPal
TXN000368,CUST080,PROD144,5,69.09,2024-03-25,Apple Pay
TXN000369,CUST048,PROD122,5,470.14,2024-04-06,Debit Card
TXN000370,CUST078,PROD133,4,255.53,2024-03-12,Credit Card
TXN000371,CUST018,PROD146,3,404.13,2024-07-11,Apple Pay
TXN000372,CUST020,PROD139,5,79.34,2024-08-04,PayPal
TXN000373,CUST021,PROD126,5,372.52,2024-05-16,Bank Transfer
TXN000374,CUST044,PROD133,5,271.3,2024-07-23,PayPal
TXN000375,CUST061,PROD102,3,172.97,2024-03-29,Apple Pay
TXN000376,CUST075,PROD120,1,302.88,2024-05-07,Bank Transfer
TXN000377,CUST074,PROD115,1,296.33,2024-04-13,Bank Transfer
TXN000378,CUST081,PROD147,5,389.77,2024-06-06,Debit Card
TXN000379,CUST088,PROD116,1,290.98,2024-03-29,Debit Card
TXN000380,CUST003,PROD129,3,215.77,2024-06-14,Debit Card
TXN000381,CUST053,PROD133,5,461.12,2024-03-16,Debit Card
TXN000382,CUST067,PROD114,5,169.94,2024-08-17,Apple Pay
TXN000383,CUST068,PROD125,3,478.81,2024-06-26,Bank Transfer
TXN000384,CUST044,PROD135,3,341.49,2024-08-22,PayPal
TXN000385,CUST079,PROD131,2,479.13,2024-05-11,Bank Transfer
TXN000386,CUST039,PROD115,3,388.09,2024-04-23,Apple Pay
TXN000387,CUST041,PROD131,3,285.07,2024-05-10,PayPal
TXN000388,CUST016,PROD137,5,196.66,2024-06-10,PayPal
TXN000389,CUST099,PROD110,3,31.56,2024-03-21,PayPal
TXN000390,CUST057,PROD142,3,376.44,2024-04-24,Debit Card
TXN000391,CUST069,PROD118,5,351.42,2024-04-05,Credit Card
TXN000392,CUST079,PROD148,5,128.0,2024-03-13,Bank Transfer
TXN000393,CUST029,PROD141,2,36.66,2024-06-14,PayPal
TXN000394,CUST092,PROD131,1,344.09,2024-04-05,Credit Card
TXN000395,CUST071,PROD111,4,330.25,2024-06-30,Apple Pay
TXN000396,CUST084,PROD113,3,168.04,2024-08-13,Credit Card
TXN000397,CUST099,PROD106,5,124.55,2024-03-10,Debit Card
TXN000398,CUST054,PROD112,1,498.61,2024-06-10,Apple Pay
TXN000399,CUST024,PROD148,3,439.72,2024-03-03,PayPal
TXN000400,CUST073,PROD139,1,465.0,2024-05-25,PayPal
TXN000401,CUST059,PROD142,5,267.38,2024-04-04,Bank Transfer
TXN000402,CUST060,PROD118,2,406.5,2024-05-24,Debit Card
TXN000403,CUST094,PROD130,3,362.38,2024-03-04,PayPal
TXN000404,CUST038,PROD137,2,96.81,2024-08-11,Apple Pay
TXN000405,CUST055,PROD133,3,53.4,2024-08-19,Credit Card
TXN000406,CUST024,PROD109,4,169.23,2024-05-03,Credit Card
TXN000407,CUST034,PROD125,2,229.44,2024-05-08,PayPal
TXN000408,CUST039,PROD138,5,16.58,2024-08-15,PayPal
TXN000409,CUST089,PROD116,1,337.54,2024-06-28,PayPal
TXN000410,CUST021,PROD126,5,462.39,2024-05-19,Credit Card
TXN000411,CUST082,PROD119,3,311.54,2024-04-26,Debit Card
TXN000412,CUST062,PROD110,4,376.63,2024-08-03,PayPal
TXN000413,CUST054,PROD145,5,457.35,2024-07-16,Debit Card
TXN000414,CUST098,PROD116,5,437.95,2024-03-21,Bank Transfer
TXN000415,CUST058,PROD134,3,49.18,2024-07-23,Credit Card
TXN000416,CUST008,PROD136,5,109.84,2024-07-16,Debit Card
TXN000417,CUST022,PROD121,5,227.05,2024-08-22,Debit Card
TXN000418,CUST092,PROD138,4,55.46,2024-07-09,Apple Pay
TXN000419,CUST008,PROD130,2,261.97,2024-06-25,Bank Transfer
TXN000420,CUST008,PROD136,4,339.97,2024-05-18,Credit Card
TXN000421,CUST051,PROD117,1,375.69,2024-07-27,Credit Card
TXN000422,CUST006,PROD128,3,353.48,2024-07-17,Credit Card
TXN000423,CUST009,PROD131,1,151.38,2024-04-16,Debit Card
TXN000424,CUST099,PROD142,4,194.1,2024-06-06,Apple Pay
TXN000425,CUST049,PROD125,1,344.85,2024-08-17,Bank Transfer
TXN000426,CUST018,PROD142,3,69.0,2024-07-16,Apple Pay
TXN000427,CUST068,PROD109,2,419.22,2024-03-06,PayPal
TXN000428,CUST060,PROD144,5,218.39,2024-06-06,Debit Card
TXN000429,CUST032,PROD130,3,86.84,2024-04-18,Credit Card
TXN000430,CUST005,PROD143,4,311.69,2024-03-05,Debit Card
TXN000431,CUST027,PROD105,1,301.43,2024-06-23,Bank Transfer
TXN000432,CUST087,PROD146,1,130.66,2024-03-12,Apple Pay
TXN000433,CUST057,PROD115,5,117.23,2024-03-15,Debit Card
TXN000434,CUST065,PROD119,2,409.91,2024-07-26,PayPal
TXN000435,CUST074,PROD139,3,126.84,2024-04-06,Bank Transfer
TXN000436,CUST029,PROD127,3,145.54,2024-07-21,Bank Transfer
TXN000437,CUST095,PROD112,4,282.8,2024-03-13,PayPal
TXN000438,CUST083,PROD143,4,395.25,2024-05-21,Apple Pay
TXN000439,CUST053,PROD110,3,195.08,2024-07-16,Apple Pay
TXN000440,CUST031,PROD115,3,430.33,2024-04-06,Apple Pay
TXN000441,CUST008,PROD136,4,484.24,2024-07-21,Bank Transfer
TXN000442,CUST018,PROD125,2,135.68,2024-05-24,Credit Card
TXN000443,CUST058,PROD124,1,272.92,2024-04-18,Credit Card
TXN000444,CUST035,PROD125,5,305.82,2024-03-19,Debit Card
TXN000445,CUST098,PROD138,5,117.11,2024-04-23,PayPal
TXN000446,CUST039,PROD101,2,469.26,2024-03-31,Apple Pay
TXN000447,CUST032,PROD145,5,355.13,2024-06-10,Debit Card
TXN000448,CUST071,PROD121,3,197.13,2024-07-15,PayPal
TXN000449,CUST040,PROD117,3,261.76,2024-07-06,Apple Pay
TXN000450,CUST013,PROD147,4,383.43,2024-05-21,Debit Card
TXN000451,CUST048,PROD121,4,33.34,2024-04-26,Debit Card
TXN000452,CUST003,PROD117,5,468.09,2024-07-27,Apple Pay
TXN000453,CUST038,PROD110,2,172.29,2024-06-06,Bank Transfer
TXN000454,CUST032,PROD132,5,331.09,2024-05-26,PayPal
TXN000455,CUST098,PROD132,4,236.34,2024-05-30,Debit Card
TXN000456,CUST018,PROD147,5,249.78,2024-07-17,Credit Card
TXN000457,CUST068,PROD103,1,473.19,2024-08-19,Credit Card
TXN000458,CUST098,PROD101,4,78.22,2024-08-09,Debit Card
TXN000459,CUST009,PROD146,2,15.46,2024-07-08,Apple Pay
TXN000460,CUST048,PROD104,5,322.84,2024-08-05,Apple Pay
TXN000461,CUST085,PROD132,1,14.22,2024-07-20,Apple Pay
TXN000462,CUST002,PROD102,5,364.14,2024-07-16,PayPal
TXN000463,CUST003,PROD133,4,405.21,2024-04-15,Credit Card
TXN000464,CUST013,PROD134,2,128.82,2024-08-06,Bank Transfer
TXN000465,CUST033,PROD123,3,399.71,2024-03-21,PayPal
TXN000466,CUST052,PROD130,5,129.92,2024-04-27,PayPal
TXN000467,CUST088,PROD106,1,56.71,2024-06-06,Apple Pay
TXN000468,CUST071,PROD131,1,322.36,2024-04-13,Credit Card
TXN000469,CUST064,PROD128,3,287.69,2024-03-25,Bank Transfer
TXN000470,CUST006,PROD115,2,451.71,2024-07-24,Apple Pay
TXN000471,CUST035,PROD103,1,345.68,2024-05-11,Bank Transfer
TXN000472,CUST073,PROD143,1,98.69,2024-05-20,Credit Card
TXN000473,CUST027,PROD138,2,378.84,2024-06-10,Credit Card
TXN000474,CUST039,PROD111,5,128.58,2024-06-08,Bank Transfer
TXN000475,CUST043,PROD125,2,397.54,2024-03-21,Bank Transfer
TXN000476,CUST096,PROD123,1,58.76,2024-04-29,Credit Card
TXN000477,CUST044,PROD139,5,477.92,2024-06-10,PayPal
TXN000478,CUST004,PROD141,3,394.15,2024-06-24,Apple Pay
TXN000479,CUST030,PROD123,5,471.21,2024-06-19,Debit Card
TXN000480,CUST088,PROD138,4,52.89,2024-08-06,PayPal
TXN000481,CUST032,PROD146,1,51.11,2024-04-09,Apple Pay
TXN000482,CUST092,PROD141,2,372.68,2024-05-21,PayPal
TXN000483,CUST014,PROD106,1,472.1,2024-06-22,PayPal
TXN000484,CUST098,PROD118,1,75.79,2024-04-17,Apple Pay
TXN000485,CUST058,PROD136,5,261.57,2024-03-27,Credit Card
TXN000486,CUST012,PROD123,5,56.5,2024-08-01,PayPal
TXN000487,CUST050,PROD101,3,213.34,2024-03-22,Bank Transfer
TXN000488,CUST032,PROD137,5,93.92,2024-06-06,Debit Card
TXN000489,CUST018,PROD118,3,142.24,2024-04-07,Credit Card
TXN000490,CUST022,PROD128,3,216.91,2024-07-02,Credit Card
TXN000491,CUST047,PROD117,2,363.51,2024-07-05,Bank Transfer
TXN000492,CUST079,PROD113,4,63.3,2024-05-17,Credit Card
TXN000493,CUST051,PROD122,5,196.76,2024-05-24,Apple Pay
TXN000494,CUST043,PROD128,5,77.55,2024-05-22,Bank Transfer
TXN000495,CUST089,PROD113,4,164.63,2024-06-10,PayPal
TXN000496,CUST038,PROD148,4,484.23,2024-05-02,PayPal
TXN000497,CUST049,PROD118,4,189.48,2024-07-23,Debit Card
TXN000498,CUST076,PROD135,2,344.35,2024-07-19,Credit Card
TXN000499,CUST094,PROD130,2,225.39,2024-05-14,Credit Card
TXN000500,CUST053,PROD144,4,79.05,2024-05-17,Debit Card
TXN000501,CUST033,PROD143,2,360.74,2024-06-05,Credit Card
TXN000502,CUST058,PROD139,4,295.71,2024-07-15,Bank Transfer
TXN000503,CUST089,PROD127,5,28.97,2024-06-01,Bank Transfer
TXN000504,CUST077,PROD141,1,64.47,2024-05-03,PayPal
TXN000505,CUST022,PROD142,5,32.65,2024-08-13,Apple Pay
TXN000506,CUST097,PROD122,4,62.8,2024-03-26,PayPal
TXN000507,CUST029,PROD133,5,283.85,2024-07-26,Debit Card
TXN000508,CUST058,PROD124,4,237.43,2024-08-21,Bank Transfer
TXN000509,CUST089,PROD133,2,179.68,2024-03-07,Apple Pay
TXN000510,CUST014,PROD119,4,461.14,2024-03-22,Credit Card
TXN000511,CUST094,PROD110,3,163.5,2024-06-25,Debit Card
TXN000512,CUST067,PROD131,3,243.83,2024-06-21,Apple Pay
TXN000513,CUST041,PROD105,3,32.84,2024-03-30,Credit Card
TXN000514,CUST044,PROD142,1,342.11,2024-04-12,Debit Card
TXN000515,CUST067,PROD112,5,89.3,2024-07-22,Apple Pay
TXN000516,CUST060,PROD115,4,318.94,2024-04-17,Apple Pay
TXN000517,CUST051,PROD102,5,442.82,2024-06-24,Bank Transfer
TXN000518,CUST055,PROD125,1,355.61,2024-04-22,PayPal
TXN000519,CUST097,PROD146,1,293.31,2024-07-16,Debit Card
TXN000520,CUST047,PROD121,2,234.73,2024-05-07,Apple Pay
TXN000521,CUST068,PROD141,3,302.91,2024-08-04,Apple Pay
TXN000522,CUST076,PROD108,3,183.11,2024-06-26,Bank Transfer
TXN000523,CUST023,PROD144,3,460.23,2024-07-30,Credit Card
TXN000524,CUST087,PROD109,3,68.62,2024-05-18,Credit Card
TXN000525,CUST024,PROD124,2,260.78,2024-06-16,Bank Transfer
TXN000526,CUST018,PROD137,4,217.86,2024-07-03,Bank Transfer
TXN000527,CUST089,PROD142,2,282.34,2024-07-04,PayPal
TXN000528,CUST018,PROD112,3,422.72,2024-08-06,Credit Card
TXN000529,CUST046,PROD101,4,77.76,2024-06-07,Bank Transfer
TXN000530,CUST065,PROD142,4,211.06,2024-07-04,Apple Pay
TXN000531,CUST091,PROD129,4,92.78,2024-07-23,Credit Card
TXN000532,CUST098,PROD115,3,26.98,2024-04-27,Bank Transfer
TXN000533,CUST037,PROD111,4,287.59,2024-07-05,Bank Transfer
TXN000534,CUST066,PROD108,5,66.84,2024-07-18,PayPal
TXN000535,CUST070,PROD149,1,382.63,2024-06-21,Bank Transfer
TXN000536,CUST028,PROD128,1,370.89,2024-08-15,Debit Card
TXN000537,CUST039,PROD103,4,139.51,2024-03-23,Apple Pay
TXN000538,CUST016,PROD150,2,113.62,2024-07-29,PayPal
TXN000539,CUST091,PROD140,4,92.16,2024-04-05,Debit Card
TXN000540,CUST027,PROD104,5,182.54,2024-05-11,Bank Transfer
TXN000541,CUST069,PROD111,3,489.72,2024-05-14,PayPal
TXN000542,CUST074,PROD118,5,492.89,2024-08-21,Credit Card
TXN000543,CUST018,PROD149,4,460.27,2024-05-10,Debit Card
TXN000544,CUST090,PROD109,2,82.5,2024-05-22,Debit Card
TXN000545,CUST098,PROD144,4,250.34,2024-07-26,PayPal
TXN000546,CUST081,PROD127,4,232.01,2024-08-10,Credit Card
TXN000547,CUST052,PROD133,3,350.7,2024-06-03,Apple Pay
TXN000548,CUST063,PROD121,5,12.2,2024-03-24,Apple Pay
TXN000549,CUST082,PROD143,3,426.69,2024-07-15,Apple Pay
TXN000550,CUST028,PROD128,2,252.91,2024-05-22,PayPal
TXN000551,CUST044,PROD136,5,74.85,2024-07-03,PayPal
TXN000552,CUST088,PROD149,1,33.46,2024-08-08,Apple Pay
TXN000553,CUST003,PROD108,2,226.78,2024-03-01,Apple Pay
TXN000554,CUST026,PROD145,2,442.36,2024-05-17,Debit Card
TXN000555,CUST036,PROD106,3,133.43,2024-06-04,Debit Card
TXN000556,CUST007,PROD126,3,366.0,2024-04-29,Apple Pay
TXN000557,CUST084,PROD106,1,11.52,2024-07-01,Credit Card
TXN000558,CUST017,PROD138,2,265.0,2024-06-22,Credit Card
TXN000559,CUST002,PROD145,3,410.56,2024-06-17,Debit Card
TXN000560,CUST062,PROD105,2,198.31,2024-03-27,Credit Card
TXN000561,CUST041,PROD124,3,78.05,2024-04-04,Debit Card
TXN000562,CUST009,PROD134,5,15.13,2024-08-14,Debit Card
TXN000563,CUST057,PROD123,2,318.12,2024-04-08,Apple Pay
TXN000564,CUST079,PROD144,4,431.51,2024-03-23,Credit Card
TXN000565,CUST018,PROD149,1,299.29,2024-06-07,PayPal
TXN000566,CUST055,PROD121,2,132.16,2024-08-13,Credit Card
TXN000567,CUST032,PROD136,5,304.39,2024-08-03,PayPal
TXN000568,CUST100,PROD145,1,425.61,2024-08-16,PayPal
TXN000569,CUST027,PROD134,5,260.15,2024-06-09,PayPal
TXN000570,CUST083,PROD104,2,252.99,2024-03-29,Debit Card
TXN000571,CUST064,PROD141,5,45.71,2024-03-04,PayPal
TXN000572,CUST041,PROD109,4,431.93,2024-07-24,Apple Pay
TXN000573,CUST047,PROD135,2,383.96,2024-03-19,Credit Card
TXN000574,CUST076,PROD105,1,139.2,2024-03-11,Credit Card
TXN000575,CUST051,PROD133,3,318.36,2024-07-07,Apple Pay
TXN000576,CUST055,PROD145,4,51.3,2024-07-16,Bank Transfer
TXN000577,CUST079,PROD110,3,51.87,2024-03-21,Bank Transfer
TXN000578,CUST027,PROD110,5,170.77,2024-07-29,Credit Card
TXN000579,CUST040,PROD145,4,367.94,2024-05-01,Credit Card
TXN000580,CUST032,PROD106,4,67.71,2024-08-04,Bank Transfer
TXN000581,CUST008,PROD120,2,69.4,2024-04-05,Credit Card
TXN000582,CUST021,PROD132,3,266.74,2024-05-06,Debit Card
TXN000583,CUST048,PROD109,3,369.4,2024-03-31,Credit Card
TXN000584,CUST043,PROD128,3,267.15,2024-05-07,Bank Transfer
TXN000585,CUST081,PROD105,4,233.58,2024-06-01,Credit Card
TXN000586,CUST064,PROD137,2,190.79,2024-05-05,Credit Card
TXN000587,CUST074,PROD144,1,122.68,2024-07-09,Credit Card
TXN000588,CUST006,PROD101,2,33.47,2024-06-02,Apple Pay
TXN000589,CUST020,PROD112,1,281.34,2024-08-15,Apple Pay
TXN000590,CUST029,PROD121,2,214.54,2024-05-21,PayPal
TXN000591,CUST010,PROD137,3,69.38,2024-08-20,Credit Card
TXN000592,CUST023,PROD115,5,490.9,2024-06-11,Credit Card
TXN000593,CUST060,PROD119,3,171.04,2024-07-20,Apple Pay
TXN000594,CUST002,PROD124,2,153.58,2024-05-17,Bank Transfer
TXN000595,CUST032,PROD130,3,300.33,2024-07-05,Debit Card
TXN000596,CUST094,PROD135,2,84.62,2024-06-13,Credit Card
TXN000597,CUST030,PROD135,3,321.97,2024-03-03,PayPal
TXN000598,CUST001,PROD149,4,426.15,2024-05-18,Credit Card
TXN000599,CUST027,PROD134,2,216.28,2024-03-16,Debit Card
TXN000600,CUST092,PROD118,1,32.46,2024-04-29,Bank Transfer
TXN000601,CUST053,PROD145,3,235.18,2024-03-22,Bank Transfer
TXN000602,CUST013,PROD133,2,322.59,2024-06-09,Credit Card
TXN000603,CUST076,PROD137,1,223.7,2024-04-03,Debit Card
TXN000604,CUST038,PROD117,3,463.82,2024-06-09,PayPal
TXN000605,CUST041,PROD129,3,125.23,2024-04-21,Debit Card
TXN000606,CUST100,PROD150,5,64.28,2024-03-28,Debit Card
TXN000607,CUST058,PROD130,3,209.77,2024-07-16,PayPal
TXN000608,CUST099,PROD114,4,161.75,2024-05-07,Credit Card
TXN000609,CUST012,PROD111,3,415.09,2024-08-02,Credit Card
TXN000610,CUST028,PROD121,2,55.59,2024-05-03,PayPal
TXN000611,CUST051,PROD133,1,342.13,2024-05-06,Debit Card
TXN000612,CUST004,PROD126,4,282.85,2024-07-19,Debit Card
TXN000613,CUST013,PROD130,1,404.1,2024-04-05,Credit Card
TXN000614,CUST002,PROD104,2,74.91,2024-06-11,PayPal
TXN000615,CUST088,PROD141,1,295.75,2024-05-06,Credit Card
TXN000616,CUST003,PROD105,2,452.31,2024-06-22,Debit Card
TXN000617,CUST012,PROD122,1,31.87,2024-06-27,Credit Card
TXN000618,CUST022,PROD137,4,412.79,2024-06-10,Apple Pay
TXN000619,CUST004,PROD125,4,95.49,2024-04-24,Debit Card
TXN000620,CUST036,PROD118,4,442.98,2024-03-09,Bank Transfer
TXN000621,CUST080,PROD140,2,327.51,2024-07-06,Apple Pay
TXN000622,CUST071,PROD131,1,53.89,2024-06-07,Debit Card
TXN000623,CUST054,PROD113,5,132.82,2024-07-18,Credit Card
TXN000624,CUST049,PROD146,3,245.56,2024-07-03,PayPal
TXN000625,CUST073,PROD133,3,200.91,2024-04-16,Credit Card
TXN000626,CUST041,PROD139,2,25.32,2024-05-11,Credit Card
TXN000627,CUST061,PROD134,3,385.98,2024-04-29,Debit Card
TXN000628,CUST013,PROD116,2,141.32,2024-03-15,Debit Card
TXN000629,CUST074,PROD125,3,468.31,2024-04-14,Debit Card
TXN000630,CUST031,PROD138,3,405.23,2024-05-31,Bank Transfer
TXN000631,CUST004,PROD146,3,474.35,2024-07-23,Debit Card
TXN000632,CUST073,PROD113,4,276.09,2024-04-14,Apple Pay
TXN000633,CUST005,PROD106,1,124.74,2024-04-26,Credit Card
TXN000634,CUST068,PROD131,1,173.21,2024-08-05,Debit Card
TXN000635,CUST017,PROD122,2,460.27,2024-05-22,Credit Card
TXN000636,CUST003,PROD110,5,355.59,2024-04-06,Credit Card
TXN000637,CUST068,PROD124,1,193.68,2024-08-17,Apple Pay
TXN000638,CUST076,PROD107,3,158.55,2024-04-04,Debit Card
TXN000639,CUST094,PROD128,4,328.44,2024-04-14,Bank Transfer
TXN000640,CUST089,PROD140,3,120.15,2024-07-29,Debit Card
TXN000641,CUST049,PROD120,3,73.26,2024-03-01,Bank Transfer
TXN000642,CUST051,PROD150,5,26.83,2024-08-02,PayPal
TXN000643,CUST079,PROD115,5,61.9,2024-07-06,Debit Card
TXN000644,CUST043,PROD148,1,127.37,2024-05-21,Debit Card
TXN000645,CUST082,PROD106,3,229.39,2024-05-07,Debit Card
TXN000646,CUST032,PROD145,1,182.38,2024-03-28,Credit Card
TXN000647,CUST007,PROD125,4,369.22,2024-04-12,Apple Pay
TXN000648,CUST064,PROD125,3,278.0,2024-03-26,Apple Pay
TXN000649,CUST074,PROD142,2,90.53,2024-03-19,Credit Card
TXN000650,CUST038,PROD102,3,138.68,2024-03-27,Credit Card
TXN000651,CUST044,PROD111,4,89.67,2024-03-20,Bank Transfer
TXN000652,CUST012,PROD122,5,492.79,2024-07-02,Credit Card
TXN000653,CUST056,PROD142,2,307.97,2024-06-20,Debit Card
TXN000654,CUST007,PROD107,3,111.5,2024-04-18,Apple Pay
TXN000655,CUST090,PROD136,5,140.7,2024-05-12,PayPal
TXN000656,CUST031,PROD107,1,203.12,2024-07-19,Apple Pay
TXN000657,CUST020,PROD104,3,12.86,2024-03-23,PayPal
TXN000658,CUST085,PROD141,5,245.87,2024-03-25,Credit Card
TXN000659,CUST027,PROD111,3,488.77,2024-06-30,Credit Card
TXN000660,CUST040,PROD126,4,250.16,2024-08-17,PayPal
TXN000661,CUST012,PROD142,5,200.49,2024-06-03,Apple Pay
TXN000662,CUST048,PROD112,4,32.81,2024-06-21,Apple Pay
TXN000663,CUST034,PROD115,3,286.91,2024-04-08,Credit Card
TXN000664,CUST011,PROD143,3,406.19,2024-06-14,Bank Transfer
TXN000665,CUST030,PROD136,1,422.14,2024-07-12,Apple Pay
TXN000666,CUST069,PROD144,4,291.05,2024-04-30,Apple Pay
TXN000667,CUST039,PROD106,4,452.45,2024-03-09,Bank Transfer
TXN000668,CUST074,PROD134,5,342.3,2024-08-06,Debit Card
TXN000669,CUST016,PROD149,4,95.53,2024-04-12,Debit Card
TXN000670,CUST025,PROD109,1,218.02,2024-08-22,Apple Pay
TXN000671,CUST026,PROD141,2,418.87,2024-05-06,PayPal
TXN000672,CUST094,PROD105,1,200.77,2024-06-10,Bank Transfer
TXN000673,CUST042,PROD118,5,235.03,2024-03-04,Bank Transfer
TXN000674,CUST076,PROD134,4,66.01,2024-04-08,Debit Card
TXN000675,CUST073,PROD138,5,381.84,2024-03-26,Credit Card
TXN000676,CUST073,PROD150,1,395.22,2024-07-16,PayPal
TXN000677,CUST053,PROD117,4,331.18,2024-07-25,Bank Transfer
TXN000678,CUST061,PROD103,2,145.67,2024-04-06,Bank Transfer
TXN000679,CUST078,PROD144,4,29.95,2024-05-24,Debit Card
TXN000680,CUST007,PROD148,4,461.28,2024-06-04,Credit Card
TXN000681,CUST044,PROD120,3,148.08,2024-07-04,Credit Card
TXN000682,CUST030,PROD109,3,487.38,2024-06-22,PayPal
TXN000683,CUST035,PROD147,4,306.82,2024-03-23,Debit Card
TXN000684,CUST057,PROD114,4,373.31,2024-07-11,PayPal
TXN000685,CUST008,PROD133,2,43.08,2024-07-08,Apple Pay
TXN000686,CUST018,PROD150,5,440.98,2024-03-08,Debit Card
TXN000687,CUST025,PROD113,1,132.99,2024-06-25,Credit Card
TXN000688,CUST047,PROD146,2,144.96,2024-06-27,Bank Transfer
TXN000689,CUST051,PROD141,1,344.08,2024-05-01,PayPal
TXN000690,CUST063,PROD139,4,97.83,2024-06-30,Bank Transfer
TXN000691,CUST071,PROD123,3,90.95,2024-05-06,Credit Card
TXN000692,CUST037,PROD102,4,35.27,2024-07-25,Debit Card
TXN000693,CUST029,PROD142,2,342.38,2024-05-08,Apple Pay
TXN000694,CUST066,PROD102,1,242.82,2024-04-03,Debit Card
TXN000695,CUST077,PROD101,2,134.41,2024-05-18,PayPal
TXN000696,CUST055,PROD125,3,235.44,2024-04-25,Apple Pay
TXN000697,CUST039,PROD144,5,414.08,2024-06-10,Bank Transfer
TXN000698,CUST014,PROD101,5,499.71,2024-06-04,Bank Transfer
TXN000699,CUST083,PROD139,5,149.22,2024-03-28,Apple Pay
TXN000700,CUST009,PROD122,3,324.24,2024-05-10,PayPal
TXN000701,CUST084,PROD146,3,103.1,2024-07-11,Debit Card
TXN000702,CUST008,PROD139,4,333.99,2024-08-22,Debit Card
TXN000703,CUST093,PROD102,4,498.75,2024-05-06,Apple Pay
TXN000704,CUST052,PROD125,1,296.09,2024-07-25,Debit Card
TXN000705,CUST044,PROD147,2,346.6,2024-08-11,Apple Pay
TXN000706,CUST086,PROD123,5,157.79,2024-04-13,Bank Transfer
TXN000707,CUST024,PROD119,1,241.2,2024-05-06,Bank Transfer
TXN000708,CUST098,PROD112,3,331.01,2024-04-26,PayPal
TXN000709,CUST029,PROD148,3,216.6,2024-05-24,PayPal
TXN000710,CUST034,PROD138,3,237.77,2024-03-31,Apple Pay
TXN000711,CUST007,PROD141,5,294.76,2024-08-06,Credit Card
TXN000712,CUST061,PROD113,5,69.58,2024-08-22,Apple Pay
TXN000713,CUST068,PROD120,4,37.43,2024-04-08,Debit Card
TXN000714,CUST026,PROD122,4,493.73,2024-06-26,Debit Card
TXN000715,CUST041,PROD146,2,391.89,2024-07-03,PayPal
TXN000716,CUST081,PROD112,3,321.26,2024-03-02,Apple Pay
TXN000717,CUST036,PROD114,2,292.79,2024-04-10,Apple Pay
TXN000718,CUST098,PROD150,1,74.27,2024-06-20,Apple Pay
TXN000719,CUST052,PROD128,4,198.43,2024-03-10,Bank Transfer
TXN000720,CUST026,PROD147,3,475.57,2024-05-22,Bank Transfer
TXN000721,CUST025,PROD102,1,317.44,2024-05-03,Debit Card
TXN000722,CUST089,PROD123,3,74.04,2024-06-07,Bank Transfer
TXN000723,CUST076,PROD120,2,42.92,2024-03-12,PayPal
TXN000724,CUST038,PROD130,5,302.61,2024-05-26,Apple Pay
TXN000725,CUST088,PROD109,3,498.1,2024-07-04,PayPal
TXN000726,CUST097,PROD113,2,474.6,2024-06-12,Credit Card
TXN000727,CUST030,PROD115,2,114.26,2024-03-06,Bank Transfer
TXN000728,CUST065,PROD111,1,190.25,2024-08-14,Credit Card
TXN000729,CUST049,PROD141,3,388.13,2024-08-07,Credit Card
TXN000730,CUST077,PROD104,1,330.58,2024-03-06,Credit Card
TXN000731,CUST089,PROD108,4,228.26,2024-04-01,Bank Transfer
TXN000732,CUST033,PROD131,2,111.48,2024-08-09,Credit Card
TXN000733,CUST039,PROD127,1,334.94,2024-05-09,Bank Transfer
TXN000734,CUST078,PROD145,2,215.8,2024-03-27,Bank Transfer
TXN000735,CUST093,PROD140,1,149.23,2024-03-28,Apple Pay
TXN000736,CUST026,PROD139,2,391.41,2024-07-12,Debit Card
TXN000737,CUST046,PROD146,4,155.42,2024-03-11,Bank Transfer
TXN000738,CUST064,PROD114,4,172.66,2024-03-01,Credit Card
TXN000739,CUST086,PROD106,1,419.42,2024-08-19,Apple Pay
TXN000740,CUST020,PROD106,5,47.69,2024-03-26,PayPal
TXN000741,CUST083,PROD115,4,494.45,2024-05-15,PayPal
TXN000742,CUST060,PROD104,1,408.63,2024-03-11,PayPal
TXN000743,CUST047,PROD144,3,219.3,2024-03-30,Credit Card
TXN000744,CUST098,PROD103,1,427.62,2024-08-17,Debit Card
TXN000745,CUST043,PROD123,4,478.03,2024-05-08,Credit Card
TXN000746,CUST048,PROD122,2,66.65,2024-06-11,Apple Pay
TXN000747,CUST035,PROD125,4,402.14,2024-08-14,Debit Card
TXN000748,CUST015,PROD109,1,490.98,2024-04-10,Credit Card
TXN000749,CUST054,PROD138,4,403.3,2024-08-21,Apple Pay
TXN000750,CUST024,PROD140,4,392.0,2024-08-04,Credit Card
TXN000751,CUST088,PROD147,2,247.22,2024-07-03,Credit Card
TXN000752,CUST053,PROD129,1,41.96,2024-08-15,PayPal
TXN000753,CUST002,PROD146,5,386.31,2024-07-26,Bank Transfer
TXN000754,CUST029,PROD143,3,264.83,2024-08-06,Credit Card
TXN000755,CUST056,PROD143,2,246.65,2024-08-17,Apple Pay
TXN000756,CUST020,PROD136,5,37.67,2024-08-12,Debit Card
TXN000757,CUST065,PROD131,4,436.13,2024-03-20,Apple Pay
TXN000758,CUST042,PROD116,3,485.39,2024-03-13,Bank Transfer
TXN000759,CUST029,PROD136,4,208.19,2024-04-30,Credit Card
TXN000760,CUST059,PROD129,5,230.11,2024-07-06,Apple Pay
TXN000761,CUST041,PROD108,4,375.41,2024-03-05,Credit Card
TXN000762,CUST052,PROD127,1,283.43,2024-03-01,Credit Card
TXN000763,CUST078,PROD140,3,446.25,2024-07-22,Debit Card
TXN000764,CUST084,PROD143,4,475.71,2024-06-02,Credit Card
TXN000765,CUST029,PROD130,3,284.9,2024-08-06,Bank Transfer
TXN000766,CUST061,PROD146,3,361.07,2024-03-30,Credit Card
TXN000767,CUST098,PROD143,2,12.06,2024-05-30,PayPal
TXN000768,CUST071,PROD134,3,354.31,2024-03-12,Debit Card
TXN000769,CUST064,PROD109,4,63.29,2024-08-04,Debit Card
TXN000770,CUST025,PROD108,4,116.41,2024-04-18,PayPal
TXN000771,CUST014,PROD149,4,33.73,2024-08-10,Bank Transfer
TXN000772,CUST016,PROD150,4,234.65,2024-07-29,Bank Transfer
TXN000773,CUST018,PROD132,1,270.34,2024-03-13,Bank Transfer
TXN000774,CUST056,PROD138,4,463.01,2024-04-15,Bank Transfer
TXN000775,CUST023,PROD147,2,61.63,2024-08-16,Bank Transfer
TXN000776,CUST078,PROD121,5,441.99,2024-06-16,Bank Transfer
TXN000777,CUST089,PROD149,2,144.78,2024-05-27,PayPal
TXN000778,CUST058,PROD109,2,212.82,2024-07-10,PayPal
TXN000779,CUST090,PROD136,3,359.1,2024-07-20,Debit Card
TXN000780,CUST026,PROD114,5,360.32,2024-05-28,Debit Card
TXN000781,CUST091,PROD142,2,257.39,2024-08-11,PayPal
TXN000782,CUST091,PROD108,3,285.95,2024-07-28,Bank Transfer
TXN000783,CUST086,PROD146,4,340.7,2024-07-15,PayPal
TXN000784,CUST055,PROD101,5,63.05,2024-06-06,Debit Card
TXN000785,CUST007,PROD143,1,108.74,2024-04-11,PayPal
TXN000786,CUST088,PROD117,2,421.45,2024-05-15,Debit Card
TXN000787,CUST097,PROD135,1,186.39,2024-06-24,Credit Card
TXN000788,CUST079,PROD144,5,433.9,2024-08-13,Bank Transfer
TXN000789,CUST050,PROD116,5,394.52,2024-05-13,Credit Card
TXN000790,CUST049,PROD125,4,478.82,2024-05-20,Bank Transfer
TXN000791,CUST007,PROD101,3,110.3,2024-06-22,Debit Card
TXN000792,CUST082,PROD146,3,380.24,2024-07-18,Bank Transfer
TXN000793,CUST026,PROD150,2,154.84,2024-04-15,Credit Card
TXN000794,CUST024,PROD112,5,69.35,2024-03-11,Apple Pay
TXN000795,CUST036,PROD136,3,74.59,2024-07-28,PayPal
TXN000796,CUST001,PROD122,4,358.03,2024-04-09,Credit Card
TXN000797,CUST020,PROD121,5,35.86,2024-08-08,Bank Transfer
TXN000798,CUST085,PROD120,4,397.26,2024-07-19,PayPal
TXN000799,CUST010,PROD146,3,267.91,2024-04-17,Bank Transfer
TXN000800,CUST009,PROD133,2,214.38,2024-07-16,Apple Pay
TXN000801,CUST012,PROD123,2,442.97,2024-08-17,PayPal
TXN000802,CUST043,PROD124,3,117.81,2024-08-06,Bank Transfer
TXN000803,CUST061,PROD136,1,67.09,2024-05-28,Apple Pay
TXN000804,CUST031,PROD142,5,460.19,2024-05-02,Credit Card
TXN000805,CUST088,PROD121,4,458.88,2024-03-30,Apple Pay
TXN000806,CUST033,PROD135,3,23.07,2024-07-11,PayPal
TXN000807,CUST066,PROD133,4,249.04,2024-05-15,Debit Card
TXN000808,CUST042,PROD133,1,474.67,2024-04-12,Bank Transfer
TXN000809,CUST069,PROD101,1,114.06,2024-08-09,Debit Card
TXN000810,CUST088,PROD128,1,111.52,2024-06-20,Credit Card
TXN000811,CUST096,PROD144,2,22.61,2024-05-24,Credit Card
TXN000812,CUST012,PROD105,1,98.03,2024-05-04,Bank Transfer
TXN000813,CUST010,PROD137,2,456.46,2024-06-13,Apple Pay
TXN000814,CUST058,PROD141,4,222.74,2024-03-05,Apple Pay
TXN000815,CUST087,PROD108,5,13.87,2024-08-06,Credit Card
TXN000816,CUST097,PROD148,5,33.25,2024-03-19,PayPal
TXN000817,CUST065,PROD107,3,395.78,2024-05-17,Bank Transfer
TXN000818,CUST012,PROD119,4,197.5,2024-08-17,Credit Card
TXN000819,CUST061,PROD111,5,118.5,2024-06-09,Bank Transfer
TXN000820,CUST038,PROD141,2,156.74,2024-08-13,PayPal
TXN000821,CUST002,PROD136,5,80.12,2024-03-11,Credit Card
TXN000822,CUST074,PROD139,4,273.66,2024-03-22,PayPal
TXN000823,CUST027,PROD148,3,114.53,2024-08-13,Bank Transfer
TXN000824,CUST019,PROD111,2,118.96,2024-05-04,Debit Card
TXN000825,CUST015,PROD112,5,427.74,2024-07-19,Apple Pay
TXN000826,CUST083,PROD136,1,153.12,2024-03-18,PayPal
TXN000827,CUST013,PROD113,5,249.23,2024-05-24,PayPal
TXN000828,CUST017,PROD143,2,59.91,2024-08-06,Credit Card
TXN000829,CUST025,PROD121,4,231.36,2024-08-05,PayPal
TXN000830,CUST089,PROD138,2,287.54,2024-06-02,PayPal
TXN000831,CUST055,PROD111,1,164.15,2024-04-26,Apple Pay
TXN000832,CUST036,PROD124,2,343.3,2024-05-24,Apple Pay
TXN000833,CUST060,PROD129,3,389.85,2024-07-03,Bank Transfer
TXN000834,CUST014,PROD112,5,51.08,2024-05-11,Debit Card
TXN000835,CUST069,PROD113,3,369.69,2024-08-08,Credit Card
TXN000836,CUST094,PROD105,1,426.44,2024-08-09,Credit Card
TXN000837,CUST075,PROD138,4,387.13,2024-04-24,Credit Card
TXN000838,CUST071,PROD117,5,448.15,2024-07-17,Apple Pay
TXN000839,CUST084,PROD150,2,189.88,2024-04-27,Bank Transfer
TXN000840,CUST094,PROD119,2,238.23,2024-07-09,Credit Card
TXN000841,CUST051,PROD124,5,16.17,2024-05-01,Bank Transfer
TXN000842,CUST088,PROD111,5,79.63,2024-04-10,Debit Card
TXN000843,CUST073,PROD137,2,370.85,2024-07-02,PayPal
TXN000844,CUST006,PROD115,4,124.32,2024-05-07,PayPal
TXN000845,CUST030,PROD103,2,264.24,2024-06-01,Apple Pay
TXN000846,CUST061,PROD130,1,30.5,2024-08-14,PayPal
TXN000847,CUST014,PROD146,5,320.8,2024-05-10,PayPal
TXN000848,CUST075,PROD135,5,96.0,2024-08-15,Apple Pay
TXN000849,CUST047,PROD138,1,263.64,2024-06-05,Debit Card
TXN000850,CUST067,PROD126,3,410.62,2024-05-28,Apple Pay
TXN000851,CUST062,PROD139,1,256.39,2024-04-05,Apple Pay
TXN000852,CUST022,PROD115,1,262.6,2024-05-11,Debit Card
TXN000853,CUST020,PROD112,2,188.12,2024-03-31,Debit Card
TXN000854,CUST054,PROD122,1,246.45,2024-07-01,Apple Pay
TXN000855,CUST027,PROD138,2,327.5,2024-06-14,Credit Card
TXN000856,CUST032,PROD103,2,291.42,2024-04-11,Debit Card
TXN000857,CUST081,PROD133,1,446.59,2024-04-07,Credit Card
TXN000858,CUST022,PROD117,2,263.63,2024-06-12,Bank Transfer
TXN000859,CUST073,PROD141,1,440.58,2024-08-17,PayPal
TXN000860,CUST011,PROD114,4,307.58,2024-06-29,Apple Pay
TXN000861,CUST022,PROD115,4,304.8,2024-07-28,Debit Card
TXN000862,CUST080,PROD143,5,140.34,2024-05-27,Apple Pay
TXN000863,CUST077,PROD138,1,123.37,2024-06-07,Debit Card
TXN000864,CUST014,PROD102,2,266.6,2024-07-08,Apple Pay
TXN000865,CUST020,PROD139,1,97.75,2024-08-05,Bank Transfer
TXN000866,CUST005,PROD135,5,378.91,2024-03-24,Apple Pay
TXN000867,CUST085,PROD109,5,274.7,2024-03-01,Apple Pay
TXN000868,CUST067,PROD127,3,438.78,2024-07-14,Apple Pay
TXN000869,CUST030,PROD131,4,182.39,2024-07-26,Credit Card
TXN000870,CUST055,PROD109,3,244.31,2024-04-29,Credit Card
TXN000871,CUST037,PROD139,5,210.82,2024-04-18,Credit Card
TXN000872,CUST091,PROD148,1,293.63,2024-03-31,Bank Transfer
TXN000873,CUST001,PROD125,2,347.31,2024-05-20,Apple Pay
TXN000874,CUST047,PROD107,2,219.34,2024-07-28,PayPal
TXN000875,CUST034,PROD135,4,287.11,2024-08-04,PayPal
TXN000876,CUST088,PROD126,2,213.06,2024-07-21,Apple Pay
TXN000877,CUST023,PROD124,5,282.34,2024-05-04,PayPal
TXN000878,CUST074,PROD123,4,370.79,2024-08-16,Credit Card
TXN000879,CUST096,PROD115,4,393.93,2024-04-11,Credit Card
TXN000880,CUST028,PROD133,4,395.38,2024-07-19,Bank Transfer
TXN000881,CUST090,PROD144,1,89.59,2024-08-10,Credit Card
TXN000882,CUST012,PROD110,4,463.74,2024-06-20,Credit Card
TXN000883,CUST009,PROD117,2,192.33,2024-08-03,Credit Card
TXN000884,CUST093,PROD125,4,311.22,2024-07-12,PayPal
TXN000885,CUST092,PROD139,1,473.45,2024-04-14,Apple Pay
TXN000886,CUST057,PROD101,2,426.92,2024-07-11,PayPal
TXN000887,CUST025,PROD103,5,260.65,2024-04-29,Bank Transfer
TXN000888,CUST022,PROD144,1,186.9,2024-08-15,Credit Card
TXN000889,CUST021,PROD106,3,392.25,2024-05-30,Apple Pay
TXN000890,CUST052,PROD138,2,264.17,2024-03-18,Credit Card
TXN000891,CUST071,PROD119,5,458.43,2024-05-29,PayPal
TXN000892,CUST036,PROD115,5,481.92,2024-06-25,Apple Pay
TXN000893,CUST074,PROD101,3,96.58,2024-07-08,Credit Card
TXN000894,CUST072,PROD105,5,154.88,2024-03-30,Bank Transfer
TXN000895,CUST033,PROD135,5,133.31,2024-06-22,Apple Pay
TXN000896,CUST073,PROD131,2,381.39,2024-06-26,Apple Pay
TXN000897,CUST076,PROD102,4,67.85,2024-03-18,Apple Pay
TXN000898,CUST082,PROD115,2,402.27,2024-06-14,PayPal
TXN000899,CUST067,PROD135,1,353.69,2024-05-07,Debit Card
TXN000900,CUST037,PROD106,4,340.43,2024-05-27,Credit Card
TXN000901,CUST071,PROD112,4,164.47,2024-04-25,Bank Transfer
TXN000902,CUST035,PROD112,2,255.0,2024-04-21,Debit Card
TXN000903,CUST095,PROD116,3,112.1,2024-04-21,Debit Card
TXN000904,CUST080,PROD123,2,391.89,2024-03-31,Credit Card
TXN000905,CUST087,PROD143,4,311.15,2024-07-17,Credit Card
TXN000906,CUST062,PROD124,5,165.23,2024-07-26,PayPal
TXN000907,CUST063,PROD112,5,148.04,2024-04-26,Bank Transfer
TXN000908,CUST017,PROD104,5,401.83,2024-07-01,Bank Transfer
TXN000909,CUST005,PROD133,3,203.52,2024-04-14,Apple Pay
TXN000910,CUST016,PROD145,5,235.96,2024-03-03,Credit Card
TXN000911,CUST087,PROD114,4,295.1,2024-05-23,PayPal
TXN000912,CUST079,PROD117,2,279.24,2024-04-30,PayPal
TXN000913,CUST061,PROD140,3,189.93,2024-07-06,Apple Pay
TXN000914,CUST027,PROD127,3,189.51,2024-06-11,PayPal
TXN000915,CUST058,PROD112,5,75.12,2024-07-26,Debit Card
TXN000916,CUST013,PROD147,3,404.19,2024-07-21,Apple Pay
TXN000917,CUST049,PROD113,2,402.21,2024-04-08,Apple Pay
TXN000918,CUST002,PROD112,4,255.29,2024-08-09,Bank Transfer
TXN000919,CUST069,PROD147,3,395.02,2024-05-16,PayPal
TXN000920,CUST072,PROD137,1,205.81,2024-04-11,Credit Card
TXN000921,CUST028,PROD117,4,421.25,2024-03-25,Apple Pay
TXN000922,CUST096,PROD122,3,187.5,2024-07-22,Bank Transfer
TXN000923,CUST033,PROD123,1,212.34,2024-05-29,Bank Transfer
TXN000924,CUST026,PROD137,5,328.77,2024-07-16,Debit Card
TXN000925,CUST100,PROD119,3,169.96,2024-07-09,Apple Pay
TXN000926,CUST100,PROD148,4,446.02,2024-06-06,Bank Transfer
TXN000927,CUST037,PROD130,2,435.57,2024-08-11,PayPal
TXN000928,CUST054,PROD141,5,290.52,2024-03-19,Credit Card
TXN000929,CUST021,PROD122,2,164.28,2024-08-15,PayPal
TXN000930,CUST091,PROD118,5,326.22,2024-05-09,Apple Pay
TXN000931,CUST100,PROD124,5,265.73,2024-06-24,Apple Pay
TXN000932,CUST022,PROD112,1,72.13,2024-04-30,PayPal
TXN000933,CUST096,PROD145,1,113.96,2024-06-10,Credit Card
TXN000934,CUST013,PROD105,4,279.17,2024-03-07,Apple Pay
TXN000935,CUST068,PROD149,1,61.81,2024-08-06,Debit Card
TXN000936,CUST011,PROD142,4,162.27,2024-05-03,PayPal
TXN000937,CUST057,PROD141,2,75.18,2024-04-13,Credit Card
TXN000938,CUST005,PROD143,3,431.71,2024-05-23,Apple Pay
TXN000939,CUST060,PROD135,3,279.23,2024-04-04,Bank Transfer
TXN000940,CUST023,PROD138,5,234.24,2024-08-10,Bank Transfer
TXN000941,CUST056,PROD134,5,162.41,2024-05-28,Apple Pay
TXN000942,CUST070,PROD115,1,227.06,2024-06-02,Apple Pay
TXN000943,CUST034,PROD110,3,16.15,2024-07-12,Debit Card
TXN000944,CUST045,PROD119,4,272.65,2024-07-04,Apple Pay
TXN000945,CUST039,PROD101,4,401.19,2024-07-31,Debit Card
TXN000946,CUST001,PROD136,3,103.2,2024-07-22,Apple Pay
TXN000947,CUST051,PROD116,2,360.59,2024-08-13,Apple Pay
TXN000948,CUST049,PROD115,3,49.72,2024-08-08,Debit Card
TXN000949,CUST067,PROD149,5,405.89,2024-05-09,PayPal
TXN000950,CUST084,PROD148,5,406.5,2024-06-14,Debit Card
TXN000951,CUST009,PROD112,2,152.6,2024-08-11,Apple Pay
TXN000952,CUST080,PROD129,3,353.52,2024-07-04,Debit Card
TXN000953,CUST042,PROD102,2,35.26,2024-07-15,Credit Card
TXN000954,CUST024,PROD107,3,142.63,2024-06-21,Credit Card
TXN000955,CUST030,PROD106,2,18.19,2024-04-25,PayPal
TXN000956,CUST054,PROD120,4,498.99,2024-06-27,Credit Card
TXN000957,CUST043,PROD106,2,38.39,2024-06-09,Credit Card
TXN000958,CUST070,PROD131,2,104.97,2024-05-04,Apple Pay
TXN000959,CUST002,PROD108,2,199.16,2024-06-22,Debit Card
TXN000960,CUST095,PROD103,2,236.34,2024-03-25,Bank Transfer
TXN000961,CUST086,PROD114,4,201.27,2024-05-19,PayPal
TXN000962,CUST021,PROD141,1,375.16,2024-07-19,Bank Transfer
TXN000963,CUST016,PROD117,4,323.23,2024-04-20,PayPal
TXN000964,CUST007,PROD143,2,486.92,2024-04-30,Apple Pay
TXN000965,CUST042,PROD101,2,399.45,2024-07-28,Credit Card
TXN000966,CUST051,PROD116,1,484.75,2024-07-27,Apple Pay
TXN000967,CUST089,PROD139,2,192.6,2024-03-23,Debit Card
TXN000968,CUST021,PROD132,1,346.42,2024-05-26,Credit Card
TXN000969,CUST008,PROD123,2,353.94,2024-03-28,Debit Card
TXN000970,CUST063,PROD115,3,491.03,2024-08-13,PayPal
TXN000971,CUST057,PROD147,2,21.43,2024-06-05,PayPal
TXN000972,CUST093,PROD109,3,450.44,2024-07-03,Apple Pay
TXN000973,CUST072,PROD119,5,351.84,2024-04-18,Bank Transfer
TXN000974,CUST024,PROD135,3,169.27,2024-06-28,PayPal
TXN000975,CUST077,PROD136,2,44.67,2024-04-09,Apple Pay
TXN000976,CUST038,PROD117,5,190.51,2024-03-01,Bank Transfer
TXN000977,CUST049,PROD147,2,442.74,2024-08-06,PayPal
TXN000978,CUST100,PROD140,2,167.81,2024-03-17,Bank Transfer
TXN000979,CUST050,PROD113,5,345.09,2024-07-20,Debit Card
TXN000980,CUST079,PROD119,3,211.38,2024-05-22,Credit Card
TXN000981,CUST013,PROD134,1,32.4,2024-04-03,Debit Card
TXN000982,CUST005,PROD113,1,248.34,2024-03-26,Credit Card
TXN000983,CUST074,PROD142,4,332.71,2024-07-13,Bank Transfer
TXN000984,CUST090,PROD138,3,34.99,2024-04-26,Bank Transfer
TXN000985,CUST092,PROD105,1,465.86,2024-04-23,Apple Pay
TXN000986,CUST011,PROD130,1,187.48,2024-06-15,PayPal
TXN000987,CUST091,PROD104,5,140.97,2024-03-11,Credit Card
TXN000988,CUST039,PROD105,2,480.72,2024-03-25,Credit Card
TXN000989,CUST093,PROD115,5,199.42,2024-04-19,Bank Transfer
TXN000990,CUST085,PROD116,5,316.77,2024-04-15,Bank Transfer
TXN000991,CUST096,PROD136,4,375.84,2024-08-11,Bank Transfer
TXN000992,CUST046,PROD144,4,354.54,2024-06-18,Credit Card
TXN000993,CUST022,PROD112,5,207.35,2024-05-26,Debit Card
TXN000994,CUST069,PROD139,4,467.48,2024-05-20,Bank Transfer
TXN000995,CUST042,PROD124,4,384.68,2024-06-19,PayPal
TXN000996,CUST078,PROD116,5,277.8,2024-06-05,Bank Transfer
TXN000997,CUST096,PROD117,3,481.24,2024-06-23,Apple Pay
TXN000998,CUST001,PROD147,1,491.66,2024-07-31,Credit Card
TXN000999,CUST067,PROD109,3,14.2,2024-04-26,Debit Card
TXN001000,CUST041,PROD102,3,460.44,2024-07-09,Bank Transfer
